question,answer,topic,source
What is the difference between a list and a tuple in Python?,"Lists are mutable (can be changed after creation) while tuples are immutable (cannot be changed). Lists use square brackets [] and tuples use parentheses (). Lists are better for data that changes, tuples for fixed data.",python,seed
"How does Python's garbage collection work, and what is reference counting?","Python uses automatic memory management, primarily through reference counting, where each object keeps track of the number of references pointing to it. When an object's reference count drops to zero, it is automatically deallocated. Additionally, Python has a cyclic garbage collector to handle reference cycles that reference counting alone cannot resolve.",python,gpt_new
Can you explain how to initialize a virtual environment in Python?,"You can initialize a virtual environment in Python by executing 'python -m venv your_virtual_env' in your terminal. After that, activate it with 'source your_virtual_env/bin/activate' on Linux/Mac or 'your_virtual_env\Scripts\activate' on Windows, allowing you to manage your dependencies easily with pip.",python,gpt_variation
"How can you handle exceptions in Python, and what is the purpose of the 'finally' block?","Exceptions in Python can be handled using try-except blocks, which allow the program to respond to errors gracefully. The 'finally' block, if present, will always execute regardless of whether an exception occurred, making it useful for cleanup actions like closing files or releasing resources.",python,gpt_new
What is the method for managing errors in Python code?,"In Python, errors can be managed using try-except statements. You can specify which exceptions to catch with 'except ExceptionType:' or handle any exception with a general 'except:' statement. Additionally, the 'finally' clause ensures that certain code runs regardless of whether an exception occurred.",python,gpt_variation
"What is transfer learning in deep learning, and when is it useful?","Transfer learning involves taking a pre-trained model on a large dataset and fine-tuning it on a smaller, task-specific dataset. It is particularly useful when there is limited data available for the task at hand, allowing for leveraging learned features from a broader dataset, thereby improving model performance and reducing training time.",machine_learning,gpt_new
What is overfitting in machine learning?,"Overfitting occurs when a model learns the training data too well, including noise and random fluctuations. The model performs well on training data but poorly on new, unseen data. It can be prevented using regularization, cross-validation, or more training data.",machine_learning,seed
What is a generator in Python and how does it differ from a regular function?,"A generator is a special type of iterator defined using a function with the 'yield' keyword, which allows it to produce a series of values lazily, pausing execution at each yield. Unlike regular functions that return a single value, generators maintain their state between calls, making them memory efficient for handling large data sets.",python,gpt_new
What does the term 'bias-variance tradeoff' mean in the context of machine learning models?,"The bias-variance tradeoff refers to the challenge of balancing a model's accuracy in capturing underlying data patterns (bias) with its tendency to react to noise in the training dataset (variance). A model with excessive bias may underperform due to oversimplification, while high variance can lead to overfitting.",machine_learning,gpt_variation
What role does cross-validation play in preventing overfitting in machine learning algorithms?,"Cross-validation helps mitigate overfitting by providing a more accurate assessment of a model's performance on unseen data. By training and validating on different subsets of data, it ensures that the model generalizes well rather than simply memorizing the training data.",machine_learning,gpt_variation
What is the purpose of __init__ method in Python classes?,The __init__ method is a constructor in Python classes that initializes new objects. It's automatically called when creating an instance of a class and is used to set initial values for object attributes.,python,seed
"What techniques can be used for dimensionality reduction, and when should they be applied?","Common techniques for dimensionality reduction include Principal Component Analysis (PCA), t-Distributed Stochastic Neighbor Embedding (t-SNE), and Singular Value Decomposition (SVD). These techniques are particularly useful when dealing with high-dimensional datasets to reduce noise, improve visualization, and decrease computation time for model training.",machine_learning,gpt_new
"What is list comprehension, and how does it improve code readability and performance?",List comprehension provides a concise way to create lists using a single line of code that includes an expression followed by a for clause and optional if clause. It improves readability by reducing boilerplate code and can enhance performance since it is optimized for constructing lists compared to traditional loops.,python,gpt_new
What strategies can be employed to combat overfitting in machine learning models?,"To combat overfitting, practitioners can use methods such as regularization, which adds a penalty for complexity, or cross-validation, which assesses model performance on different subsets of data. Additionally, increasing the size of the training dataset can provide a broader representation and reduce the risk of overfitting.",machine_learning,gpt_variation
How does cross-validation help in model evaluation?,"Cross-validation involves partitioning the data into complementary subsets and training the model on one subset while validating it on another. This technique helps ensure that the model’s performance is not dependent on a specific train-test split, providing a more reliable estimate of the model's generalization error, and helps mitigate overfitting.",machine_learning,gpt_new
What is the role of gradient descent in optimizing machine learning models?,"Gradient descent serves as a key optimization technique in machine learning, aimed at reducing the cost function. By calculating the gradient of the cost function, it systematically updates model parameters to converge towards the point of minimum error.",machine_learning,gpt_variation
Can you describe how gradient descent works in the context of machine learning?,"In machine learning, gradient descent is a method used to optimize the parameters of a model by minimizing the cost function. It does this by updating the parameters iteratively in the direction that reduces the error the most, which corresponds to moving against the gradient.",machine_learning,gpt_variation
Can you explain how supervised learning differs from unsupervised learning in machine learning?,"In supervised learning, algorithms are trained on labeled datasets, allowing them to learn a mapping between input features and corresponding outputs. In contrast, unsupervised learning analyzes data without labels, aiming to discover inherent structures, such as grouping similar data points through techniques like clustering.",machine_learning,gpt_variation
What is the difference between supervised and unsupervised learning?,"Supervised learning uses labeled training data to learn patterns and make predictions on new data. Unsupervised learning finds hidden patterns in unlabeled data without target variables, like clustering or dimensionality reduction.",machine_learning,seed
How do you create a virtual environment in Python?,"Use 'python -m venv env_name' to create a virtual environment, then activate it with 'source env_name/bin/activate' (Linux/Mac) or 'env_name\Scripts\activate' (Windows). Install packages with pip in the activated environment.",python,seed
Explain how the 'with' statement works and its benefits in file handling.,"The 'with' statement simplifies file handling by automatically managing resources, ensuring that files are properly closed after their suite finishes even if an error occurs. This context manager pattern helps prevent resource leaks and enhances code clarity and reliability.",python,gpt_new
What are the steps to set up a Python virtual environment?,"To set up a Python virtual environment, run 'python -m venv your_env_name' to create it. Activate the environment using 'source your_env_name/bin/activate' for Linux/Mac or 'your_env_name\Scripts\activate' for Windows, and then you can install any required packages using pip.",python,gpt_variation
How do you handle exceptions in Python?,Python uses try-except blocks for exception handling. You can catch specific exceptions with 'except ExceptionType:' or use a general 'except:' block. The 'finally' block executes regardless of exceptions.,python,seed
Explain the purpose of the 'self' parameter in Python class methods.,"'self' refers to the instance of the class, allowing access to its attributes and methods within class methods. It is explicitly included in instance method definitions and differentiates instance attributes from local variables.",python,gpt_new
What is the purpose of the ROC curve and AUC in model evaluation?,"The ROC curve (Receiver Operating Characteristic curve) plots the true positive rate against the false positive rate at various threshold settings, providing insight into a model's performance across different classification thresholds. The AUC (Area Under the Curve) quantifies this performance; a higher AUC indicates a better-performing model in distinguishing between classes.",machine_learning,gpt_new
How can one detect and address overfitting in a model?,"Overfitting can be detected by observing a large gap between training and validation performance, where training accuracy is high but validation accuracy is low. To address overfitting, techniques such as using simpler models, regularization, early stopping during training, and increasing training data can be employed.",machine_learning,gpt_new
Explain the concept of bias-variance tradeoff in machine learning.,"The bias-variance tradeoff describes the balance between two sources of error in predictive modeling: bias, which captures the error due to overly simplistic assumptions in the learning algorithm, and variance, which reflects the model's sensitivity to fluctuations in the training data. Achieving a good model involves minimizing both bias and variance to ensure accurate predictions on new data.",machine_learning,gpt_new
Can you explain what decorators are in Python and provide an example of their usage?,"In Python, decorators are a design pattern that allows you to wrap a function to enhance or alter its behavior. You typically apply a decorator using the @symbol above the function definition, which is especially useful for tasks like monitoring execution time or enforcing access controls.",python,gpt_variation
What are the key differences between a list and a tuple in Python?,"Lists are mutable, meaning they can be modified after creation, while tuples are immutable and cannot be changed. This immutability makes tuples a safer choice for fixed data and can lead to performance improvements, as they require less memory than lists.",python,gpt_new
Can you explain the role of the __init__ method in a Python class?,"The __init__ method acts as a constructor for Python classes, responsible for initializing newly created instances. It is invoked automatically when an object is instantiated, allowing for the setup of initial values for the object's attributes.",python,gpt_variation
How does overfitting affect the performance of a machine learning model?,"Overfitting negatively impacts a model's ability to generalize to new data, as it becomes tailored to the specifics of the training set, including its noise. Consequently, while it may show high accuracy on training data, its performance drops when faced with unseen data. Techniques like regularization and cross-validation can help mitigate this issue.",machine_learning,gpt_variation
What is the difference between L1 and L2 regularization in machine learning?,"L1 regularization, also known as Lasso, adds a penalty equal to the absolute value of the coefficients, potentially driving some to zero and performing feature selection. L2 regularization, or Ridge, adds a penalty equal to the square of the coefficients, which discourages large weights but does not set them to zero. Both techniques help prevent overfitting by adding constraints to the model.",machine_learning,gpt_new
What are Python decorators and how do you use them?,"Decorators are functions that modify or extend the behavior of other functions without changing their code. They use the @decorator_name syntax and are commonly used for logging, timing, authentication, or caching functionality.",python,seed
Explain the bias-variance tradeoff in machine learning.,"Bias-variance tradeoff describes the balance between a model's ability to capture true patterns (bias) and its sensitivity to training data variations (variance). High bias leads to underfitting, high variance to overfitting.",machine_learning,seed
Can you elaborate on how bias and variance affect the performance of machine learning algorithms?,"In machine learning, bias indicates the error from overly simplistic assumptions in the learning algorithm, while variance represents the error from excessive sensitivity to fluctuations in the training data. Striking a balance between the two is crucial; too much bias results in underfitting, whereas excessive variance results in overfitting.",machine_learning,gpt_variation
What distinguishes a tuple from a list in Python programming?,"The key distinction between tuples and lists in Python lies in their mutability; lists can be changed, while tuples remain constant once defined. Lists are enclosed in square brackets [], whereas tuples are enclosed in parentheses (). Lists are more appropriate for collections that require changes, while tuples are preferred for data that should remain unchanged.",python,gpt_variation
"What role do decorators play in Python programming, and how are they implemented?","Decorators in Python serve as a mechanism to modify or augment the functionality of functions or methods without altering their source code. They are implemented using the @decorator syntax and are particularly useful for aspects like logging, authorization, and performance measurement.",python,gpt_variation
What is cross-validation in machine learning?,"Cross-validation is a technique to evaluate model performance by splitting data into multiple folds. The model is trained on some folds and tested on others, rotating through all combinations to get a robust performance estimate.",machine_learning,seed
Can you explain how to implement error handling in Python?,Error handling in Python is implemented through try-except blocks. You can catch particular exceptions by using 'except ExceptionType:' or apply a broader approach with 'except:'. The 'finally' block is useful for code that should run irrespective of any exceptions raised.,python,gpt_variation
What are the advantages and disadvantages of using support vector machines (SVM)?,"Support vector machines are effective in high-dimensional spaces and can model complex relationships using kernel tricks. However, they may become computationally intensive with larger datasets, and their performance can be sensitive to the choice of kernel and regularization parameters.",machine_learning,gpt_new
What are the main differences between decision trees and random forests?,"Decision trees are single predictive models that can easily overfit the data, as they learn the training data's specifics. Random forests, on the other hand, ensemble multiple decision trees and aggregate their predictions, which typically results in improved accuracy, reduced variance, and better generalization on unseen data.",machine_learning,gpt_new
What are some best practices for writing unit tests in Python using the 'unittest' framework?,"Best practices for unit testing in Python include organizing tests in a dedicated directory, using descriptive naming conventions for test methods, and isolating tests to ensure they are independent. Additionally, utilizing setUp and tearDown methods for test setup and cleanup can increase code clarity and maintainability.",python,gpt_new
"What are Python decorators, and how can they be used to enhance function behavior?","Decorators are functions that wrap another function, modifying its behavior without changing its code. They are commonly used for logging, access control, and caching results, making code cleaner and more modular.",python,gpt_new
Can you explain the purpose of using k-fold cross-validation in assessing machine learning models?,"K-fold cross-validation is a method used to assess the performance of a model by dividing the dataset into k subsets or 'folds.' The model is trained on k-1 folds and validated on the remaining fold, repeating this process for each fold to ensure a comprehensive evaluation of the model's predictive ability.",machine_learning,gpt_variation
What features does the 'pandas' library offer for data manipulation?,"Pandas provides powerful data structures like Series and DataFrame, enabling efficient manipulation of structured data. It offers functionality for data indexing, alignment, merging, grouping, and reshaping, making it a robust tool for data analysis and preprocessing tasks.",python,gpt_new
Can you explain how lists and tuples differ in terms of mutability in Python?,"In Python, lists are mutable, which means you can modify them after they are created, whereas tuples are immutable and cannot be altered. Lists are defined using square brackets [], while tuples are created using parentheses (). This makes lists suitable for dynamic collections of data, while tuples are ideal for storing fixed sets of values.",python,gpt_variation
What function does the __init__ method serve in object-oriented programming with Python?,"In object-oriented programming, the __init__ method serves as the constructor for classes in Python. It is called when an object is created, facilitating the assignment of initial values to the attributes of that object.",python,gpt_variation
Explain the concept of gradient descent.,Gradient descent is an optimization algorithm used to minimize the cost function in machine learning. It iteratively adjusts model parameters in the direction of steepest descent (negative gradient) to find the minimum error.,machine_learning,seed
What distinguishes supervised learning from unsupervised learning approaches?,"The key distinction lies in the presence of labels; supervised learning relies on labeled data for training, enabling prediction on unseen instances. Conversely, unsupervised learning operates on unlabeled data, focusing on identifying patterns or relationships within the dataset, such as through clustering methods or principal component analysis.",machine_learning,gpt_variation
What is the purpose of feature scaling in data preprocessing?,"Feature scaling is critical in situations where features have different units or scales, as it ensures that each feature contributes equally to the distance calculations in algorithms like k-nearest neighbors and gradient descent. Common methods include normalization (scaling to a range) and standardization (scaling to zero mean and unit variance).",machine_learning,gpt_new
